	dev_accuracy	dev_f1	dev_precision	dev_recall
0	0.9902786033740942	0	0	0
1	0.9897054036458334	0	0	0
2				
3				
4				
5				
6				
7				
8				
9				
