	dev_accuracy	dev_f1	dev_precision	dev_recall
0	0.9902626811594203	0	0	0
1	0.9904059810914855	0	0	0
2				
3				
4				
5				
6				
7				
8				
9				
