	dev_accuracy	dev_f1	dev_precision	dev_recall
(0, 1)				
0	0.990310447803442	0	0	0
1	0.9902308367300724	0	0	0
