	dev_accuracy	dev_f1	dev_precision	dev_recall
0	0.9902945255887681	0	0	0
1	0.9903422922327899	0	0	0
