	dev_accuracy	dev_f1	dev_precision	dev_recall
0	0.9902786033740942	0	0	0
1	0.9902467589447465	0	0	0
2	0.9903192934782609	0	0	0
3	0.9907261945199276	0	0	0
4	0.9914745386096014	0	0	0
5				
6				
7				
8				
9				
